,0,1,2,3,4,5
0,2.16311444086,1.07955277307,-0.126914245192,0.270625958366,0.0981966865892,-0.328148834644
1,3.66737801892,0.0560171744886,0.0502011683248,-1.07670246155,-0.176976792652,-0.19706953932
2,2.96345977837,0.805375957825,-0.768774535132,-0.293738208427,0.0571739386511,0.110143310284
3,1.46461051164,0.590830445987,-0.156437722321,0.795129234538,-0.548106551379,-0.0644073892109
4,1.06714678223,0.14990508437,0.102411284069,-0.476938232714,0.632867647704,0.788674612142
5,6.16694612172,0.0838291201379,-0.0487240459157,1.08823584302,0.190502424583,0.214756588413
6,1.86976747371,-0.476214553319,0.165362481117,-0.784554036071,0.564140892621,0.0812422674273
7,-0.829071852451,-0.695417985517,0.779074242184,0.304136511571,-0.0406764510748,-0.0934657559222
8,3.56851715487,-0.153094096927,0.660933874837,0.0123713592928,-0.782797620072,-0.371436694319
9,5.46730388492,-0.196170095563,-0.688865650536,0.52365055707,0.150058609563,0.652852078524
10,2.37090163938,-0.682996864554,0.775407713501,0.304608232433,-0.0419115079665,-0.0930462256444
11,-0.229076822732,-0.693089025337,0.778386768056,0.304224959233,-0.040908024242,-0.0933870939951
12,-0.0365153702245,0.793731156921,-0.765337164492,-0.294180446734,0.0583318044872,0.109750000649
13,-2.23447456646,0.537228884484,-0.00877387784455,0.562391110645,0.840317855587,-0.0501778962472
14,-2.93519462651,0.65962353043,-0.00610444548553,-0.769941652254,-0.106011496953,0.509602406766
15,-5.92902960506,-0.715214147053,0.784917772273,0.303384706448,-0.0387080791535,-0.0941343823023
16,-6.53383420698,0.139275837034,-0.694021698886,-0.602872363306,-0.00757747706192,-0.598639397512
17,-6.53234393487,-0.346729369842,-0.724347229164,-0.0782658981959,-0.654150883725,-0.334806179831
18,-6.23551925451,0.924096344927,0.638620319988,-0.205946017384,-0.0640238608177,0.0709825038087
19,-5.32903457534,-0.712885186873,0.784230298145,0.30347315411,-0.0389396523207,-0.0940557203752
20,-6.13260002297,-0.241196659057,-0.67557448406,0.521940568947,0.154535690796,0.651331281267
21,-4.73445385695,0.527524883731,-0.005909402311,0.562022578722,0.841282743784,-0.0505056542767
22,-3.32999589909,-0.859553096143,-0.614914867439,0.214619591128,0.0850370251547,-0.0558388570245
23,-3.6290486578,-0.706286466361,0.782282454782,0.303723755817,-0.0395957762944,-0.0938328449152
24,-5.63146711845,-0.38247556996,-0.581954019669,-0.310325923351,0.732498128959,-0.319973612093
25,-6.93645821199,0.766948114843,-0.757431212019,-0.295197594842,0.0609948959101,0.108845388488
26,-4.43518220081,0.653801129979,-0.0043857601654,-0.770162771408,-0.105432564034,0.509405751949
27,-4.43518220081,0.653801129979,-0.0043857601654,-0.770162771408,-0.105432564034,0.509405751949
28,-5.33368447327,0.164302482831,-0.0336800792518,-0.245688977789,-0.751658610947,0.773120976739
29,-5.63260416487,-0.239255858906,-0.676147379167,0.522014275331,0.154342713156,0.651396832873
30,-4.93255074038,0.0226354118985,0.0600549641602,-1.07797021136,-0.173657577256,-0.198197026941
31,-6.02867681213,-0.992884402574,0.144088693525,-0.261112131837,-0.0793834673407,0.344039769735
32,-6.23051739203,-0.230373420268,0.815587039615,-0.221265982493,0.607981114093,-0.358006930947
33,-5.32903457534,-0.712885186873,0.784230298145,0.30347315411,-0.0389396523207,-0.0940557203752
34,-6.23234642001,-0.345564889751,-0.724690966228,-0.0782216743651,-0.654266670309,-0.334766848867
35,-5.9299743612,-0.869645256926,-0.611935812884,0.214236317928,0.0860405088793,-0.0561797253751
36,-4.63553250859,0.930306905409,0.636787055647,-0.205710156953,-0.0646413892636,0.0711922689476
37,-5.83409278022,0.245973027909,-0.645592690846,-0.00262167233293,0.800993310875,0.387537394549
38,-6.62996856254,-0.872362377137,-0.611133759735,0.21413312899,0.0863106775744,-0.0562714976234
39,-6.23646401065,0.769665235054,-0.758233265168,-0.295094405903,0.060724727215,0.108937160736
40,-6.43051573527,-0.231149740328,0.815816197658,-0.221295465047,0.608058305149,-0.358033151589
41,-2.83256813636,0.030786772531,0.057648804712,-1.07766064455,-0.174468083341,-0.197921710197
42,-1.23150356718,-0.365396528635,-0.586995496609,-0.309677307167,0.730799925733,-0.319396757961
43,-1.63501184403,0.301515389563,-0.793829430429,0.230190157945,-0.58762407373,0.373373453191
44,-0.231511850987,-0.361514928333,-0.588141286822,-0.309529894398,0.730413970454,-0.319265654749
45,-0.53144888154,-0.169008658162,0.665631614712,0.0117669669391,-0.78121520343,-0.371974217487
46,-1.43001163831,-0.852178055571,-0.617091868844,0.21489967539,0.0843037101252,-0.0555897609221
47,-0.0303752001797,-0.569461719659,0.0222476826263,0.779588150275,0.12447735645,-0.493593478784
48,-1.13020767488,-0.487859354222,0.168799851757,-0.784996274379,0.565298758457,0.0808489577919
49,0.466799787964,0.42485821968,0.744042415966,0.0874554166328,0.673813204587,0.350408687856
50,0.0682933735981,-0.0626996273169,0.714175201773,0.612002916636,0.027394180035,0.614189464253
51,-0.931093603473,-0.447843393773,0.025146273028,-0.552774095177,-0.821774805033,0.0661606035869
52,0.86477389504,0.674373611575,-0.0104584482965,-0.769381483731,-0.107478127012,0.510100598971
53,0.865912202608,0.465650500189,0.600159679194,0.319707078388,-0.713337549959,0.335746554294
54,3.56702688276,0.332911109949,0.691259405116,-0.512235105818,-0.136224213409,-0.635269912
55,4.26344900943,0.810422038216,-0.770264062409,-0.293546571827,0.0566721967889,0.11031374446
56,3.06959912003,-0.557428758725,0.0186957329647,0.78004512986,0.123280895086,-0.493187058828
57,1.26679316092,0.427963499921,0.743125783796,0.0875733468481,0.673504440364,0.350513570426
58,-1.53108863319,-0.450172353954,0.0258337471561,-0.552862542839,-0.821543231866,0.0660819416598
59,-5.02903706048,-0.711720706782,0.783886561081,0.30351737794,-0.0390554389043,-0.0940163894117
60,-4.3286908946,-0.986285682062,0.142140850162,-0.26086153013,-0.0800395913145,0.344262645195
61,-5.83646732417,0.771217875175,-0.758691581254,-0.295035440796,0.0605703451036,0.108989602021
62,-4.93182488166,-0.102476354259,0.0581875849506,0.254259362596,0.772941943979,-0.758069102203
63,-8.13530996386,0.553567083096,-0.145438136272,0.793714071954,-0.544401380703,-0.0656659800441
64,-6.93551345585,0.921379224716,0.639422373138,-0.206049206322,-0.0637536921227,0.0708907315605
65,-5.73552339641,0.926037145077,0.638047424881,-0.205872310999,-0.0642168384571,0.0710480554146
66,-5.23182239652,-0.103640834349,0.0585313220146,0.254215138765,0.773057730562,-0.758108433167
67,-3.93183316546,-0.0985947539573,0.0570417947371,0.254406775365,0.7725559887,-0.757937998992
68,-4.33385243135,0.147815357697,-0.696542437355,-0.602548055214,-0.00842657867502,-0.598350970446
69,-4.83052898935,-0.224939179846,0.813982933316,-0.221059604616,0.607440776703,-0.357823386451
70,-4.63498699262,0.28987058866,-0.790392059788,0.229747919638,-0.586466207894,0.372980143556
71,-6.12997270444,-0.870421576986,-0.611706654841,0.214206835375,0.086117699935,-0.0562059460175
72,-5.92902960506,-0.715214147053,0.784917772273,0.303384706448,-0.0387080791535,-0.0941343823023
73,-4.62998513014,-0.864599176535,-0.613425340161,0.214427954528,0.085538767017,-0.0560092911998
74,-5.12868426756,-0.989390962303,0.143057482333,-0.260979460345,-0.0797308270915,0.344157762626
75,-8.53103064658,-0.477343556062,0.03385427865,-0.553894432223,-0.818841544916,0.0651642191773
76,-8.83049585415,-0.240465581051,0.81856609417,-0.221649255693,0.608984597818,-0.358347799298
77,-4.33534144231,0.568317164241,-0.149792139083,0.794274240477,-0.545868010762,-0.0651677878393
78,-3.93518634271,0.655741930129,-0.00495865527211,-0.770089065023,-0.105625541674,0.509471303555
79,-4.93517805891,0.651860329828,-0.0038128650587,-0.770236477792,-0.105239586395,0.509340200343
80,-5.83314802408,0.400404137782,0.751260894311,0.0865267161868,0.676244722842,0.349582737622
81,-3.0329776673,0.0481183973671,-0.0381827759523,1.08687964554,0.194053213147,0.213550438865
82,-2.63292175767,0.308845188082,0.698363304439,-0.513149064987,-0.133831290682,-0.636082751913
83,-2.63000169775,-0.856835975932,-0.615716920588,0.214722780067,0.0847668564596,-0.0557470847762
84,-2.53108034939,-0.454053954255,0.0269795373695,-0.553009955608,-0.821157276588,0.0659508384481
85,-4.63498699262,0.28987058866,-0.790392059788,0.229747919638,-0.586466207894,0.372980143556
86,-1.93555487486,0.940787226222,0.63369342207,-0.205312142476,-0.0656834685161,0.0715462476194
87,-5.43166106549,-0.0840484289734,0.720477047947,0.611192146405,0.0295169340677,0.613468396588
88,-6.63497042502,0.282107388058,-0.788100479362,0.229453094099,-0.585694297337,0.372717937132
89,-7.53515652102,0.641768169045,-0.000833810503807,-0.770619750992,-0.104236102671,0.508999331992
90,-7.13515983454,0.643320809165,-0.00129212658917,-0.770560785884,-0.104390484782,0.509051773277
91,-7.32996276388,-0.875079497348,-0.610331706585,0.214029940052,0.0865808462694,-0.0563632698716
92,-6.93531990442,0.558225003458,-0.146813084528,0.793890967277,-0.544864527038,-0.0655086561899
93,-7.43233647944,-0.350222810113,-0.723316017972,-0.0783985696881,-0.653803523974,-0.334924172721
94,-8.32900972393,-0.724529987776,0.787667668785,0.303030915802,-0.0377817864846,-0.0944490300105
95,-8.3325817986,-0.249736179719,-0.673053745591,0.521616260855,0.155384792409,0.651042854201
96,-7.33031472842,-0.597797401857,0.0306119511843,0.77851203706,0.127294829985,-0.49455053223
97,-8.53407041396,0.235492707096,-0.642499057269,-0.00301968680977,0.802035390127,0.387183415877
98,-8.53530665034,0.552014442976,-0.144979820187,0.793655106846,-0.544246998592,-0.0657184213288
99,-9.43365050968,0.148387921597,-0.0289823393768,-0.246293370143,-0.750076194304,0.772583453571
100,-7.63680437787,1.04151309012,-0.1156855011,0.269181313228,0.10197904832,-0.329433646119
101,-7.13288448056,0.291377986726,0.703519360399,-0.513812422448,-0.132094491927,-0.636672716366
102,-6.53646152551,0.768500754964,-0.757889528104,-0.295138629734,0.0608405137986,0.108897829772
103,-6.73016128558,-0.509596315909,0.175216276953,-0.785821785886,0.567460108017,0.0801147798059
104,-6.03032549737,-0.592751321466,0.0291224239068,0.77870367366,0.126793088122,-0.494380098055
105,-5.53409526536,0.247137508,-0.64593642791,-0.00257744850218,0.800877524291,0.387576725513
106,-4.53166852091,-0.0805549887023,0.719445836755,0.611324817897,0.0291695743169,0.613586389479
107,-5.13296027132,0.0399670367346,-0.0357766165041,1.08657007872,0.194863719232,0.21327512212
108,-5.12868426756,-0.989390962303,0.143057482333,-0.260979460345,-0.0797308270915,0.344157762626
109,-5.23235470381,-0.34168328945,-0.725836756442,-0.0780742615959,-0.654652625587,-0.334635745655
110,-4.83141326119,-0.185699539457,0.67055851263,0.0111330920315,-0.779555595732,-0.372537961298
111,-6.72902297802,-0.718319427294,0.785834404443,0.303266776233,-0.0383993149305,-0.0942392648717
112,-5.33552670993,0.927589785198,0.637589108796,-0.205813345891,-0.0643712205685,0.0711004966993
113,-5.83517060348,0.648366889557,-0.00278165386662,-0.770369149284,-0.104892226644,0.509222207452
114,-6.33444060287,0.521314323249,-0.00407613796953,0.561786718291,0.84190027223,-0.0507154194155
115,-6.63681266167,1.04539469042,-0.116831291314,0.269328725997,0.101593093042,-0.329302542908
116,-7.03383006508,0.137335036884,-0.693448803779,-0.602946069691,-0.00738449942257,-0.598704949118
117,-6.73551511261,0.922155544776,0.639193215095,-0.206019723768,-0.0638308831784,0.0709169522028
118,-5.93497622368,0.284824508268,-0.788902532511,0.229556283038,-0.585964466032,0.372809709381
119,-5.7368201171,1.04888813069,-0.117862502506,0.26946139749,0.101245733291,-0.329184550017
120,-5.43289856302,0.297976707238,0.701571517036,-0.513561820741,-0.132750615901,-0.636449840906
121,-5.63260416487,-0.239255858906,-0.676147379167,0.522014275331,0.154342713156,0.651396832873
122,-5.33498119396,0.287153468449,-0.789590006639,0.229644730699,-0.586196039199,0.372888371308
123,-4.33316044978,0.406226538234,0.749542208991,0.0867478353406,0.675665789924,0.34977939244
124,-4.8353373004,0.56637636409,-0.149219243976,0.794200534093,-0.545675033123,-0.0652333394452
125,-4.53315879302,0.405450218174,0.749771367034,0.0867183527868,0.67574298098,0.349753171797
126,-6.03516894672,0.647590569497,-0.00255249582393,-0.770398631838,-0.104815035589,0.50919598681
127,-7.52866438643,-0.998706803026,0.145807378845,-0.261333250991,-0.0788045344227,0.343843114918
128,-8.03515237912,0.639827368894,-0.000260915397098,-0.770693457377,-0.104043125031,0.508933780386
129,-8.43530747872,0.552402603006,-0.145094399208,0.793669848123,-0.54428559412,-0.0657053110076
130,-7.73278032031,0.11574700172,0.112494237947,-0.478235465083,0.636264054157,0.787520903878
131,-7.73293873343,0.0298748759516,-0.0327975619492,1.08618680552,0.195867202957,0.212934253769
132,-7.23680769139,1.04306573024,-0.116143817186,0.269240278336,0.101824666209,-0.329381204835
133,-6.73645986875,0.767724434903,-0.757660370062,-0.295168112288,0.0609177048544,0.10887160913
134,-8.03050248119,-0.23736030081,0.817649461999,-0.221531325478,0.608675833595,-0.358242916728
135,-8.12995613684,-0.878184777589,-0.609415074414,0.213912009836,0.0868896104924,-0.056468152441
136,-8.72900641041,-0.726082627897,0.78812598487,0.302971950694,-0.0376274043732,-0.0945014712953
137,-7.93442734878,0.515103762767,-0.00224287362806,0.56155085786,0.842517800675,-0.0509251845544
138,-8.03233150916,-0.352551770294,-0.722628543844,-0.0784870173497,-0.653571950807,-0.335002834648
139,-8.13680023597,1.03957228997,-0.115112605994,0.269107606844,0.10217202596,-0.329499197725
140,-7.93495965607,0.277061307666,-0.786610952084,0.2292614575,-0.585192555474,0.372547502957
141,-6.83253500115,0.0152603713263,0.0622319655657,-1.07825029563,-0.172924262226,-0.198446123044
142,-5.93260167973,-0.240420338997,-0.675803642103,0.521970051501,0.15445849974,0.651357501909
143,-7.03680934815,1.0438420503,-0.116372975228,0.26926976089,0.101747475153,-0.329354984192
144,-6.22997187606,-0.870809737016,-0.61159207582,0.214192094098,0.0861562954629,-0.0562190563386
145,-7.5316436695,-0.0921997896058,0.722883207395,0.61088257959,0.030327440153,0.613193079843
146,-5.43105632636,-0.465310595128,0.0303023289884,-0.553437452638,-0.820038006279,0.0655706391339
147,-6.63145883465,-0.386357170261,-0.580808229456,-0.310473336121,0.732884084237,-0.320104715305
148,-5.1290362321,-0.712108866812,0.784001140102,0.303502636664,-0.0390168433764,-0.0940294997328
149,-5.02868509594,-0.989002802273,0.142942903311,-0.260964719068,-0.0797694226194,0.344170872947
150,-6.7303196987,-0.595468441677,0.0299244770562,0.778600484722,0.127063256817,-0.494471870303
151,-3.43683916984,1.05781581139,-0.120497819997,0.269800446859,0.10035803615,-0.32888301263
152,-3.63405052028,0.448183298834,0.605315735155,0.319043720927,-0.711600751205,0.335156589841
153,-0.630563781325,-0.208636458581,0.80917061442,-0.220440470986,0.605819764533,-0.357272752961
154,-1.63555736,0.941951706312,0.633349685006,-0.205267918645,-0.0657992550997,0.0715855785829
155,0.0655063807979,0.546156565177,-0.0114091953354,0.562730160014,0.839430158446,-0.0498763588601
156,-1.73257724854,0.0350565328623,0.0563884354772,-1.0774984905,-0.174892634147,-0.197777496664
157,-3.63411100459,0.254512548572,-0.648113429315,-0.0022973642407,0.800144209262,0.387825821615
158,-2.53535635315,0.575304044783,-0.151854561467,0.794539583462,-0.546562730264,-0.0649318020581
159,-3.42869835002,-0.982792241791,0.14110963897,-0.260728858637,-0.0803869510653,0.344380638086
160,1.57090826642,-0.686102144795,0.776324345672,0.304490302217,-0.0416027437436,-0.0931511082139
161,1.17126354449,-0.964936880405,0.135839003988,-0.260050759899,-0.0821623453472,0.34498371286
162,-2.22870829058,-0.978134321429,0.139734690714,-0.260551963314,-0.0808500973997,0.34453796194
163,-3.63683751308,1.05703949133,-0.120268661954,0.269770964305,0.100435227206,-0.328909233272
164,-3.53411183297,0.254900708602,-0.648228008337,-0.00228262296378,0.800105613734,0.387838931936
165,-3.13237209979,-0.333531928818,-0.72824291589,-0.0777646947806,-0.655463131673,-0.334360428911
166,-2.13317867415,0.414766058897,0.747021470521,0.0870721434329,0.674816688311,0.350067819506
167,-3.83255985256,0.0269051722298,0.0587945949254,-1.07780805732,-0.174082128062,-0.198052813409
168,-3.83297104026,0.0450131171262,-0.0372661437816,1.08676171532,0.19436197737,0.213445556295
169,-2.33257227826,0.0327275726816,0.0570759096053,-1.07758693816,-0.17466106098,-0.197856158591
170,-1.03536877885,0.581126445234,-0.153573246787,0.794760702615,-0.547141663182,-0.0647351472404
171,-2.33168674528,-0.0720154680397,0.716925098286,0.61164912599,0.0283204727038,0.613874816545
172,-3.62869669326,-0.983568561851,0.141338797012,-0.260758341191,-0.0803097600096,0.344354417444
173,-5.1338458043,0.144710077456,-0.695625805184,-0.60266598543,-0.00811781445207,-0.598455853015
174,-5.53105549798,-0.465698755158,0.0304169080098,-0.553452193915,-0.819999410752,0.0655575288127
175,-4.03271660892,-0.0597432735985,-0.0862680469282,0.486584730736,-0.614401788207,-0.77266568416
176,-2.33447373808,0.536840724454,-0.0086592988232,0.562376369368,0.840356451115,-0.0501910065684
177,-2.42905859837,-0.701628545999,0.780907506526,0.30390065114,-0.0400589226289,-0.093675521061
178,-1.73555653162,0.941563546282,0.633464264028,-0.205282659922,-0.0657606595718,0.0715724682618
179,-3.93553830725,0.933024025619,0.635985002497,-0.205606968014,-0.0649115579587,0.0712840411958
180,-4.93682674414,1.05199341094,-0.118779134676,0.269579327705,0.100936969068,-0.329079667448
181,-3.53411183297,0.254900708602,-0.648228008337,-0.00228262296378,0.800105613734,0.387838931936
182,-1.13144391126,-0.171337618343,0.66631908884,0.0116785192776,-0.780983630263,-0.372052879414
183,-1.83000832479,-0.853730695691,-0.616633552759,0.214840710282,0.0844580922367,-0.0556422022068
184,-2.43000335451,-0.856059655872,-0.615946078631,0.214752262621,0.0846896654039,-0.0557208641339
185,-2.43386817057,0.155190398269,-0.698719438761,-0.602267970953,-0.00915989370452,-0.598101874344
186,0.0676013920375,-0.321110807854,-0.731909444573,-0.0772929739192,-0.656698188564,-0.333940898633
187,0.568893970823,-0.442020993321,0.0234275877079,-0.552552976023,-0.822353737952,0.0663572584046
188,1.8696090606,-0.562086679087,0.0200706812208,0.779868234537,0.123744041421,-0.493344382682
189,-2.03317950253,0.415154218927,0.7469068915,0.0870868847098,0.674778092783,0.350080929827
190,3.86810222088,-0.0683182716082,0.0481046310725,0.255556594964,0.769545537526,-0.75691539394
191,2.36476146934,0.680196012027,-0.0121771336167,-0.769160364577,-0.10805705993,0.510297253789
192,-0.733190271473,0.420200299318,0.745417364223,0.0872785213097,0.674276350921,0.350251364002
193,-0.135376234276,0.584619885506,-0.154604457979,0.794893374108,-0.547489022933,-0.0646171543498
194,2.3658997769,0.471472900641,0.598440993874,0.319928197542,-0.713916482877,0.335943209111
195,-0.0314530234407,-0.167067858011,0.665058719605,0.0118406733237,-0.781408181069,-0.371908665881
196,-0.33021430192,-0.484754073981,0.167883219587,-0.784878344163,0.564989994234,0.0809538403613
197,-0.93239032416,-0.324992408155,-0.730763654359,-0.0774403866884,-0.656312233286,-0.334072001845
198,-0.732743945466,-0.0469339926046,-0.0900491546324,0.487071192874,-0.615675440626,-0.772233043561
199,-1.73055466914,-0.212906218912,0.810430983655,-0.220602625032,0.606244315339,-0.357416966494
200,-5.02868509594,-0.989002802273,0.142942903311,-0.260964719068,-0.0797694226194,0.344170872947
201,-1.22871657438,-0.974252721128,0.1385889005,-0.260404550545,-0.0812360526784,0.344669065152
202,-6.13314553894,0.399239657692,0.751604631375,0.0864824923561,0.676360509426,0.349543406658
203,-5.93646649579,0.770829715144,-0.758577002233,-0.295050182073,0.0606089406314,0.108976491699
204,-7.22866687157,-0.997542322935,0.145463641781,-0.26128902716,-0.0789203210063,0.343882445881
205,-6.83234144973,-0.347893849932,-0.7240034921,-0.0783101220266,-0.654035097141,-0.334845510794
206,-6.33234559163,-0.345953049782,-0.724576387207,-0.078236415642,-0.654228074781,-0.334779959188
207,-7.13551179909,0.920602904656,0.63965153118,-0.206078688876,-0.0636765010669,0.0708645109181
208,-7.63417705934,0.412288172193,-0.0518176718814,-0.0385524203441,0.0335610574598,-1.0369708734
209,-8.93163207218,-0.0976340300275,0.724487313694,0.610676201713,0.0308677775431,0.613009535347
210,-8.23679940759,1.03918412994,-0.114998026972,0.269092865567,0.102210621488,-0.329512308047
211,-8.43252174707,0.0090498108444,0.0640652299071,-1.07848615606,-0.17230673378,-0.198655888183
212,-7.22996359226,-0.874691337318,-0.610446285606,0.214044681328,0.0865422507416,-0.0563501595504
213,-7.82901386583,-0.722589187626,0.787094773678,0.303104622187,-0.037974764124,-0.0943834784047
214,-7.82901386583,-0.722589187626,0.787094773678,0.303104622187,-0.037974764124,-0.0943834784047
215,-6.63016211397,-0.509208155879,0.175101697931,-0.785807044609,0.56742151249,0.0801278901271
216,-8.13530996386,0.553567083096,-0.145438136272,0.793714071954,-0.544401380703,-0.0656659800441
217,-10.23678284,1.03142092934,-0.112706446545,0.268798040028,0.102982532045,-0.32977451447
218,-10.2354861193,0.908569943722,0.643203480842,-0.20653566846,-0.062480039703,0.0704580909616
219,-10.6313652151,-0.208212821204,0.677204095868,0.0102780979702,-0.777317055115,-0.373298359926
220,-10.1310173925,-0.483554116544,0.0356875429915,-0.554130292654,-0.81822401647,0.0649544540385
221,-8.63014554636,-0.516971356481,0.177393278358,-0.786101870148,0.568193423047,0.0798656837035
222,-7.22866687157,-0.997542322935,0.145463641781,-0.26128902716,-0.0789203210063,0.343882445881
223,-7.53233565106,-0.350610970143,-0.723201438951,-0.0784133109651,-0.653764928446,-0.334937283043
224,-8.53049833929,-0.23930110096,0.818222357106,-0.221605031862,0.608868811234,-0.358308468334
225,-8.230307273,-0.601290842128,0.0316431623764,0.778379365568,0.127642189735,-0.494668525121
226,-6.33051656365,-0.230761580298,0.815701618637,-0.22128072377,0.608019709621,-0.358020041268
227,-5.83681928872,1.04849997066,-0.117747923484,0.269446656213,0.101284328819,-0.329197660338
228,-7.63031224328,-0.598961881948,0.0309556882483,0.778467813229,0.127410616568,-0.494589863194
229,-9.23530085167,0.549297322765,-0.144177767037,0.793551917908,-0.543976829897,-0.0658101935771
230,-9.23643915924,0.758020434151,-0.754795894528,-0.295536644211,0.0618825930511,0.108543851101
231,-7.83550600042,0.917885784445,0.64045358433,-0.206181877814,-0.0634063323718,0.0707727386699
232,-7.1310422439,-0.47190931564,0.0322501723512,-0.553688054346,-0.819381882306,0.0653477636738
233,-8.63530582196,0.551626282946,-0.144865241165,0.79364036557,-0.544208403064,-0.06573153165
234,-10.5351316696,0.630123368141,0.00260356013645,-0.7710619893,-0.103078236835,0.508606022357
235,-10.0286436769,-1.00841080378,0.148671854378,-0.261701782914,-0.077839646226,0.343515356888
236,-11.0314223859,-0.403436211586,-0.575766752517,-0.311121952305,0.734582287464,-0.320681569436
237,-9.63231825508,-0.358762330775,-0.720795279502,-0.0787228777804,-0.652954422361,-0.335212599787
238,-9.7354902612,0.910510743873,0.642630585735,-0.206461962076,-0.0626730173423,0.0705236425675
239,-6.92866935671,-0.996377842845,0.145119904717,-0.261244803329,-0.0790361075899,0.343921776845
240,-6.72867101347,-0.995601522785,0.144890746674,-0.261215320776,-0.0791132986456,0.343947997487
241,-7.734077041,0.238597987337,-0.64341568944,-0.00290175659441,0.801726625905,0.387288298447
242,-7.73680354949,1.04112493009,-0.115570922079,0.269166571951,0.102017643848,-0.329446756441
243,-10.0367844967,1.0321972494,-0.112935604588,0.268827522582,0.102905340989,-0.329748293828
244,-9.03406627206,0.233551906946,-0.641926162163,-0.00309339319436,0.802228367767,0.387117864271
245,-5.82903043344,-0.714825987023,0.784803193251,0.303399447725,-0.0387466746813,-0.0941212719811
246,-6.12867598375,-0.993272562604,0.144203272546,-0.261126873114,-0.0793448718129,0.344026659414
247,-6.03140332063,-0.190357459818,0.671933460886,0.0109561967085,-0.779092449397,-0.372695285152
248,-6.62996856254,-0.872362377137,-0.611133759735,0.21413312899,0.0863106775744,-0.0562714976234
249,-7.32866604319,-0.997930482965,0.145578220802,-0.261303768437,-0.0788817254784,0.34386933556
250,-8.8301438896,-0.517747676541,0.177622436401,-0.786131352702,0.568270614103,0.0798394630611
251,-9.13251594841,0.00633269063358,0.0648672830565,-1.078589345,-0.172036565085,-0.198747660431
252,-6.82996690578,-0.873138697197,-0.610904601692,0.214103646436,0.0863878686301,-0.0562977182657
253,-7.33145303599,-0.389074290472,-0.580006176307,-0.310576525059,0.733154252933,-0.320196487553
254,-9.03400578775,0.427222657207,0.611503002307,0.318247691973,-0.7095165927,0.334448632497
255,-9.32994619627,-0.88284269795,-0.608040126158,0.213735114513,0.0873527568268,-0.0566254762952
256,-8.93679360893,1.03646700973,-0.114195973823,0.268989676628,0.102480790183,-0.329604080295
257,-8.93381432585,0.129959996311,-0.691271802373,-0.603226153953,-0.00665118439308,-0.59895404522
258,-6.83253500115,0.0152603713263,0.0622319655657,-1.07825029563,-0.172924262226,-0.198446123044
259,-6.53532321794,0.559777643578,-0.147271400614,0.793949932385,-0.545018909149,-0.0654562149052
260,-5.33552670993,0.927589785198,0.637589108796,-0.205813345891,-0.0643712205685,0.0711004966993
261,-0.831858845251,-0.0865617930237,0.0534898450755,0.254863754949,0.771359527336,-0.757531579035
262,-0.730210988399,-0.486306714102,0.168341535672,-0.784937309271,0.565144376345,0.0809013990766
263,-4.33683171442,1.05432237112,-0.119466608805,0.269667775367,0.100705395901,-0.329001005521
264,-3.33297518216,0.0469539172767,-0.0378390388883,1.08683542171,0.19416899973,0.213511107901
265,-5.33498119396,0.287153468449,-0.789590006639,0.229644730699,-0.586196039199,0.372888371308
266,-6.03279440278,0.122345722232,0.110546394584,-0.477984863375,0.635607930183,0.787743779338
267,-6.83496876825,0.281331067997,-0.787871321319,0.229423611546,-0.585617106281,0.37269171649
268,-8.7303031311,-0.603231642279,0.0322160574831,0.778305659183,0.127835167375,-0.494734076727
269,-7.73645158495,0.763842834602,-0.756514579848,-0.295315525057,0.061303660133,0.108740505918
270,-7.7355068288,0.918273944475,0.640339005308,-0.206167136537,-0.0634449278997,0.070785848991
271,-8.23679940759,1.03918412994,-0.114998026972,0.269092865567,0.102210621488,-0.329512308047
272,-9.036440816,0.758796754211,-0.755025052571,-0.295507161657,0.0618054019953,0.108570071743
273,-7.73313228486,0.39302909721,0.753437895716,0.0862466319254,0.676978037872,0.34933364152
274,-7.03551262747,0.920991064686,0.639536952159,-0.206063947599,-0.0637150965948,0.0708776212393
275,-7.03645738361,0.766559954813,-0.757316632998,-0.295212336119,0.061033491438,0.108832278166
276,-4.92868592432,-0.988614642243,0.14282832429,-0.260949977791,-0.0798080181473,0.344183983268
277,-5.43295778618,0.0388025566443,-0.0354328794401,1.08652585489,0.194979505816,0.213235791156
278,-3.93385574487,0.149367997817,-0.69700075344,-0.602489090107,-0.00858096078649,-0.598298529161
279,-3.83053727316,-0.221057579545,0.812837143103,-0.220912191847,0.607054821424,-0.357692283239
280,-3.03107620749,-0.455994754405,0.0275524324762,-0.553083661992,-0.820964298948,0.0658852868422
281,2.56940971051,-0.196215337617,0.805504085737,-0.219968750124,0.604584707641,-0.356853222683
282,-2.93411680325,0.257229668783,-0.648915482465,-0.00219417530226,0.799874040567,0.387917593863
283,-2.23386982733,0.155966718329,-0.698948596803,-0.602238488399,-0.00923708476025,-0.598075653701
284,-5.13647312283,0.773934995385,-0.759493634403,-0.294932251857,0.0603001764085,0.109081374269
285,-3.33499776156,0.294916669051,-0.791881587066,0.229939556238,-0.586967949756,0.373150577731
286,-4.33385243135,0.147815357697,-0.696542437355,-0.602548055214,-0.00842657867502,-0.598350970446
287,10.0643457195,0.987366429836,0.619943939509,-0.203543189246,-0.0703149318603,0.0731194861608
288,-5.33052484745,-0.226879979997,0.814555828423,-0.221133311001,0.607633754342,-0.357888938056
289,-6.32867432699,-0.994048882664,0.144432430589,-0.261156355668,-0.0792676807571,0.344000438772
290,-6.6290238064,-0.717931267264,0.785719825422,0.30328151751,-0.0384379104584,-0.0942261545505
291,-6.92866935671,-0.996377842845,0.145119904717,-0.261244803329,-0.0790361075899,0.343921776845
292,-7.33401987021,0.433821377719,0.609555158944,0.318498293681,-0.710172716674,0.334671507957
293,-8.43293293477,0.0271577557408,-0.0319955087998,1.08608361659,0.196137371652,0.212842481521
294,-9.73399998909,0.424505536997,0.612305055457,0.318144503035,-0.709246424005,0.334356860249
295,-10.928988186,-0.734622148559,0.79064672334,0.302647642602,-0.0367783027601,-0.0947898983612
296,-9.53549191796,0.911287063933,0.642401427692,-0.206432479522,-0.0627502083981,0.0705498632098
297,-8.13050165281,-0.23774846084,0.817764041021,-0.221546066755,0.608714429123,-0.358256027049
298,-5.5325457701,0.0203064517178,0.0607424382882,-1.07805865903,-0.173426004088,-0.198275688869
299,-6.93259339593,-0.244301939298,-0.674657851889,0.521822638732,0.154844455019,0.651226398697
300,-7.93680189273,1.04034861003,-0.115341764036,0.269137089397,0.102094834904,-0.329472977083
301,-8.12995613684,-0.878184777589,-0.609415074414,0.213912009836,0.0868896104924,-0.056468152441
302,-6.82996690578,-0.873138697197,-0.610904601692,0.214103646436,0.0863878686301,-0.0562977182657
303,-6.4299702193,-0.871586057077,-0.611362917777,0.214162611544,0.0862334865186,-0.056245276981
304,-3.43291513063,0.305739907841,0.699279936609,-0.513266995202,-0.133522526459,-0.636187634483
305,-2.33054969886,-0.215235179093,0.811118457783,-0.220691072693,0.606475888506,-0.357495628421
306,-0.930015780212,-0.85023725542,-0.617664763951,0.214973381774,0.0841107324859,-0.0555242093162
307,-3.82999175719,-0.861493896294,-0.614341972332,0.214545884744,0.0852300027941,-0.0559044086304
308,-4.03553747887,0.932635865589,0.636099581519,-0.205621709291,-0.0648729624308,0.0712709308747
309,-4.13404637838,0.446242498683,0.605888630262,0.318970014542,-0.711407773566,0.335091038235
310,-5.73552339641,0.926037145077,0.638047424881,-0.205872310999,-0.0642168384571,0.0710480554146
311,-5.23517557377,0.650695849738,-0.00346912799467,-0.770280701623,-0.105123799812,0.509300869379
312,-5.52903291858,-0.713661506933,0.784459456187,0.303443671556,-0.0388624612649,-0.0940819410175
313,-2.43263067304,-0.226834737943,-0.67981390785,0.522485996193,0.153107656264,0.65181636315
314,-2.33184641955,-0.0923841934755,0.0552085303957,0.254642635795,0.771938460254,-0.757728233853
315,-2.43000335451,-0.856059655872,-0.615946078631,0.214752262621,0.0846896654039,-0.0557208641339
316,-3.32999589909,-0.859553096143,-0.614914867439,0.214619591128,0.0850370251547,-0.0558388570245
317,-3.52869752164,-0.983180401821,0.141224217991,-0.260743599914,-0.0803483555374,0.344367527765
318,-3.43142485851,-0.180265299035,0.668954406331,0.0113394699084,-0.780095933122,-0.372354416801
319,-3.42869835002,-0.982792241791,0.14110963897,-0.260728858637,-0.0803869510653,0.344380638086
320,-5.22998015986,-0.866928136715,-0.612737866033,0.214339506867,0.0857703401842,-0.0560879531269
321,-1.83650045938,0.786744276379,-0.763274742108,-0.294445789719,0.0590265239888,0.109514014868
322,-3.73518799947,0.656518250189,-0.0051878133148,-0.770059582469,-0.10570273273,0.509497524197
323,-3.83271826568,-0.0589669535382,-0.0864972049709,0.486614213289,-0.614478979262,-0.772639463518
324,1.16977327238,-0.478931673529,0.166164534267,-0.78465722501,0.564411061316,0.081150495179
325,4.76572022151,0.460420015928,-0.0660254705278,-0.036724502006,0.0287752120041,-1.03534519358
326,4.66676499599,0.441160940945,0.73923009707,0.0880745502634,0.672192192416,0.350959321346
327,5.3658749255,0.483117701544,0.595003623234,0.32037043585,-0.715074348714,0.336336518747
328,-2.23168757366,-0.0716273080096,0.716810519264,0.611663867267,0.0282818771759,0.613887926866
329,-1.23407040141,0.457499139557,0.602565838643,0.319397511573,-0.712527043874,0.335471237549
330,0.268896455964,-0.443185473411,0.0237713247719,-0.552597199854,-0.822237951368,0.0663179274411
331,3.46994777106,-0.833158214095,-0.62270624089,0.215621997959,0.0824125292597,-0.0549473551843
332,7.56848401966,-0.137567695722,0.656350713983,0.0129610103696,-0.784341441187,-0.370912281472
333,6.96991877775,-0.819572613041,-0.626716506637,0.216137942651,0.0810616857843,-0.0544884939431
334,8.86305893939,1.10555949509,-0.134591039622,0.27161362392,0.095610786222,-0.327270443125
335,4.66582023985,0.286729831072,-0.657623488087,-0.00107383825637,0.796940780449,0.388913978273
336,3.46459394404,0.59859364659,-0.158729302748,0.795424060077,-0.548878461936,-0.0641451827874
337,6.76735233913,0.0680501354223,0.0466492186632,-1.07624548196,-0.178173254016,-0.196663119364
338,0.965911374228,0.466038660219,0.600045100173,0.319721819665,-0.713376145487,0.335759664615
339,10.7667144648,0.464838702782,0.732240776768,0.0889737681555,0.669837865216,0.351759050938
340,9.66603159542,0.202157761913,-0.712583500343,-0.600484276445,-0.0138299525766,-0.596515525481
341,7.8672840038,-0.18685425484,-0.691615547048,0.524004347716,0.149132316894,0.653166726232
342,5.36457820481,0.605968687162,-0.160906304153,0.795704144338,-0.549611776966,-0.063896086685
343,6.37122046872,-0.944752558839,0.129880894878,-0.259284213499,-0.0841693127964,0.345665449562
344,7.07086270551,-0.664753343138,0.770022499498,0.305301072448,-0.0437254977763,-0.092430040549
345,7.27086104875,-0.663977023078,0.769793341456,0.305330555002,-0.0438026888321,-0.0924038199067
346,11.0688069909,-0.401264190159,0.011396790467,-0.551005141947,-0.826406268378,0.0677338421283
347,17.5653614143,0.614084570447,-0.0314605240702,0.565309883475,0.832675941069,-0.0475820526539
348,16.062999296,1.13350701726,-0.142840729158,0.272674995858,0.0928319082155,-0.3263265
349,16.4687622584,-0.380303548532,0.00520952331454,-0.550209112993,-0.828490426883,0.068441799472
350,14.8674787918,-0.263663123397,-0.748867139731,-0.0751112649351,-0.662410326689,-0.332000571099
351,17.4656150172,0.509716339753,-0.0805770062382,-0.0348523598372,0.0238735799648,-1.03368018279
352,16.3683506379,-0.297080363334,-0.607161404365,-0.307082842429,0.724007112828,-0.317089341434
353,16.8711334888,-0.903995755677,0.117850097637,-0.257736379423,-0.0882218432226,0.347042033285
354,13.4681823706,-0.0106861832812,0.698821612914,0.613978247743,0.0222223793006,0.615946247291
355,15.7693003643,-0.144978213642,0.79037965492,-0.218022901571,0.599490097962,-0.355122660288
356,15.3681666314,-0.00331114270893,0.696644611508,0.614258332004,0.0214890642711,0.616195343393
357,11.3658252227,0.506407303351,0.588128881954,0.321254912465,-0.717390080386,0.337123138017
358,10.069893098,-0.807539652107,-0.630268456299,0.216594922236,0.0798652244204,-0.0540820739865
359,9.77084033924,-0.654273022325,0.766928865922,0.305699086925,-0.0447675770288,-0.0920760618772
360,2.46311195572,1.08071725316,-0.127257982256,0.270670182197,0.0980809000056,-0.32810950368
361,2.06584177774,0.276637670289,-0.654644433532,-0.00145711145628,0.797944264173,0.388573109922
362,0.16313100847,1.07178957247,-0.124622664765,0.270331132828,0.0989685971466,-0.328411041068
363,-1.53150108204,-0.366561008725,-0.586651759544,-0.309721530998,0.730915712316,-0.319436088924
364,3.9708883853,-0.676786304072,0.77357444916,0.304844092863,-0.0425290364124,-0.0928364605056
365,4.26623600223,0.201565845723,-0.0446796653006,-0.244273815205,-0.755363781622,0.774379567573
366,7.265699512,0.470124016681,-0.0688899460613,-0.036355970083,0.0278103238074,-1.03501743555
367,5.0673664216,0.0614514149103,0.048597062026,-1.07649608367,-0.177517130043,-0.196885994824
368,6.67086601903,-0.666305983259,0.770480815584,0.30524210734,-0.0435711156649,-0.0924824818338
369,6.56807985461,-0.057837950795,0.0450109974963,0.255954609441,0.768503458274,-0.756561415268
370,5.06993451697,-0.826947653613,-0.624539505232,0.21585785839,0.0817950008138,-0.0547375900455
371,4.96850555755,-0.147659856506,0.659329768538,0.0125777371697,-0.783337957463,-0.371253149822
372,2.56732790795,-0.207426736437,-0.685542858917,0.523223060039,0.151177879871,0.652471879209
373,2.56346309189,0.803823317704,-0.768316219047,-0.293797173534,0.0573283207626,0.110090869
374,3.26975587639,-0.470780312897,0.163758374818,-0.784347658194,0.563600555231,0.0814258119238
375,7.26605147655,0.19284192119,-0.709833603831,-0.600838067092,-0.0129036599077,-0.596830173189
376,6.26343244182,0.818185238819,-0.772555642836,-0.293251746288,0.0559002862315,0.110575950883
377,6.56342995668,0.819349718909,-0.7728993799,-0.293207522458,0.0557844996479,0.110615281847
378,7.46883681259,-0.415237951243,0.0155216352353,-0.551535827916,-0.825016829374,0.0672618705659
379,8.16955687264,-0.537632597189,0.0128522028763,0.780796934983,0.121312523165,-0.492518432448
380,8.16857823934,-0.308540760368,0.0639506432752,0.0487148630577,-0.0164460414375,1.05343866263
381,8.47120307273,-0.936601198207,0.12747473543,-0.258974646684,-0.0849798188816,0.345940766306
382,11.1695320212,-0.525987796286,0.00941483223604,0.78123917329,0.120154657329,-0.492125122812
383,9.86989475472,-0.808315972168,-0.630039298256,0.216565439682,0.0799424154761,-0.0541082946289
384,8.17120555787,-0.937765678297,0.127818472494,-0.259018870515,-0.084864032298,0.345901435343
385,6.26957261187,-0.545007637761,0.0150292042818,0.780516850721,0.122045838194,-0.49276752855
386,7.46307053671,1.10012525467,-0.132986933323,0.271407246043,0.0961511236122,-0.327453987621
387,3.66439873585,0.962524187908,0.627276996875,-0.204486630969,-0.0678448180767,0.0722804256054
388,4.26309704488,1.08770413371,-0.12932040464,0.270935525182,0.097386180504,-0.327873517899
389,-0.331511022607,-0.361903088363,-0.588026707801,-0.309544635675,0.730452565982,-0.31927876507
390,-1.53273731842,-0.0500392728455,-0.0891325224617,0.486953262659,-0.615366676403,-0.772337926131
391,0.36740535547,0.0432078934947,0.0539822760291,-1.07718892369,-0.175703140233,-0.197502179919
392,0.265856688583,0.269650789747,-0.652582011148,-0.00172245444083,0.798638983675,0.388337124141
393,2.66827183571,-0.0526074665338,0.711196147218,0.612386189836,0.0263906963104,0.614530332603
394,4.06974924935,-0.467675032656,0.162841742648,-0.784229727979,0.563291791008,0.0815306944932
395,3.67124283498,-0.955232879652,0.132974528454,-0.259682227976,-0.0831272335439,0.34531147089
396,-0.930367744757,-0.57295515993,0.0232788938184,0.779455478783,0.124824716201,-0.493711471675
397,4.76676416761,0.441549100975,0.739115518049,0.0880892915403,0.672153596888,0.350972431667
398,5.66587244036,0.484282181635,0.59465988617,0.32041465968,-0.715190135297,0.33637584971
399,7.36734736885,0.070379095603,0.0459617445351,-1.0761570343,-0.178404827183,-0.196584457437
400,7.96718398545,-0.0131640699844,-0.100017529489,0.488353683966,-0.619033251551,-0.771092445619
401,-1.43412922895,0.263052069235,-0.650634167785,-0.00197305614847,0.799295107649,0.388114248681
402,-2.33412177353,0.259558628964,-0.649602956593,-0.00210572764074,0.7996424674,0.38799625579
403,-2.13184807631,-0.0916078734152,0.054979372353,0.254672118349,0.771861269198,-0.75770201321
404,-1.43536546533,0.579573805114,-0.153114930702,0.794701737508,-0.546987281071,-0.0647875885251
405,-2.5329818092,0.0500591975177,-0.038755671059,1.08695335192,0.193860235507,0.21361599047
406,-3.43054058668,-0.219504939424,0.812378827018,-0.220853226739,0.606900439313,-0.357639841954
407,-3.92999092881,-0.861882056324,-0.614227393311,0.214531143467,0.0852685983219,-0.0559175189515
408,-3.82999175719,-0.861493896294,-0.614341972332,0.214545884744,0.0852300027941,-0.0559044086304
409,-3.83034372173,-0.584211800803,0.0266016854373,0.779027981752,0.125943986509,-0.494091670989
410,-2.53684662526,1.06130925166,-0.121529031189,0.269933118351,0.100010676399,-0.328765019739
411,-2.23520042517,0.662340650641,-0.00690649863493,-0.769838463315,-0.106281665648,0.509694179015
412,-1.03501681431,0.303844349744,-0.794516904557,0.230278605607,-0.587855646897,0.373452115118
413,-0.932583875587,0.0381618131032,0.0554718033065,-1.07738056029,-0.17520139837,-0.197672614094
414,-1.93536132343,0.577633004963,-0.152542035595,0.794628031123,-0.546794303431,-0.064853140131
415,-0.834134199235,0.265381029415,-0.651321641913,-0.00188460848695,0.799063534482,0.388192910608
416,1.36888734378,-0.43891571308,0.0225109555372,-0.552435045808,-0.822662502174,0.066462140974
417,2.1667857055,0.431456940192,0.742094572604,0.0877060183404,0.673157080613,0.350631563316
418,-0.435567300562,0.946609626674,0.63197473675,-0.205091023322,-0.0662624014341,0.0717429024371
419,-1.53501267241,0.301903549594,-0.79394400945,0.230204899222,-0.587662669258,0.373386563513
420,-3.42869835002,-0.982792241791,0.14110963897,-0.260728858637,-0.0803869510653,0.344380638086
421,-1.22871657438,-0.974252721128,0.1385889005,-0.260404550545,-0.0812360526784,0.344669065152
422,-0.629073509211,-0.694641665457,0.778845084142,0.304165994125,-0.0407536421305,-0.0934395352798
423,2.06311526925,1.07916461304,-0.12679966617,0.270611217089,0.0982352821171,-0.328161944965
424,1.66739458653,0.0482539738863,0.0524927487516,-1.07699728709,-0.176204882095,-0.197331745744
425,1.96960823222,-0.561698519056,0.0199561021995,0.779882975814,0.123705445893,-0.493331272361
426,2.76852378191,-0.156199377168,0.661850507008,0.0122534290774,-0.78248885585,-0.371541576888
427,0.665501410516,0.548485525357,-0.0120966694635,0.562818607675,0.839198585279,-0.049797696933
428,2.66852461029,-0.156587537198,0.661965086029,0.0122386878005,-0.782450260322,-0.371554687209
429,2.17090329614,-0.683773184614,0.775636871544,0.304578749879,-0.0418343169108,-0.0930724462868
430,1.56347137569,0.799941717403,-0.767170428833,-0.293944586304,0.0577142760413,0.109959765788
431,0.667402870329,0.0443723735851,0.053638538965,-1.07714469986,-0.175818926816,-0.197462848955
432,1.96678736226,0.430680620131,0.742323730646,0.0876765357866,0.673234271669,0.350605342674
433,1.36733784851,-0.212084656798,-0.684167910661,0.523046164716,0.151641026205,0.652314555355
434,4.17088672854,-0.676009984011,0.773345291117,0.304873575417,-0.0426062274682,-0.0928102398632
435,0.569971794084,-0.844414854968,-0.619383449271,0.215194500928,0.0835317995678,-0.0553275544985
436,3.96474821525,0.686406572508,-0.0140103979581,-0.768924504146,-0.108674588375,0.510507018928
437,1.76863125568,-0.333383002295,0.0712837006411,0.0477714213348,-0.0139759276539,1.05259960207
438,2.16703848008,0.327476869527,0.692863511414,-0.512441483695,-0.135683876019,-0.635453456497
439,1.56739541491,0.0478658138562,0.052607327773,-1.07701202836,-0.176166286567,-0.197344856065
440,3.26722291932,-0.0314075913999,-0.0946323154861,0.487660843951,-0.617219261741,-0.771708630714
441,3.26608461176,0.177315519986,-0.705250442977,-0.601427718168,-0.011359838793,-0.597354586036
442,3.86810222088,-0.0683182716082,0.0481046310725,0.255556594964,0.769545537526,-0.75691539394
443,4.36994031564,-0.829664773824,-0.623737452082,0.215754669451,0.0820651695089,-0.0548293622937
444,4.56993865887,-0.828888453764,-0.623966610125,0.215784152005,0.0819879784531,-0.0548031416514
445,4.66993783049,-0.828500293734,-0.624081189146,0.215798893282,0.0819493829252,-0.0547900313302
446,4.66844755838,-0.342495086858,-0.593755658868,-0.308807571829,0.728522789588,-0.318623249011
447,5.06825195459,-0.043291625811,0.708446250706,0.612739980482,0.0254644036416,0.614844980312
448,5.96992706155,-0.823454213342,-0.625570716424,0.215990529882,0.081447641063,-0.0546195971549
449,8.86435566008,0.982708509474,0.621318887766,-0.203720084569,-0.0698517855258,0.0729621623067
450,10.0648912355,0.346930113087,-0.807235175926,0.231914887345,-0.592139750491,0.374907360769
451,11.4643341222,0.992800670258,0.618339833211,-0.203336811369,-0.0708552692504,0.0733030306573
452,13.9696672397,-0.429247189674,0.151498419535,-0.782770341564,0.559470833749,0.0828286162899
453,14.4674821053,-0.265215763517,-0.748408823646,-0.0751702300427,-0.662255944577,-0.332053012383
454,14.2658011997,0.517663944225,0.584806090335,0.321682409495,-0.718509350694,0.337503337332
455,14.0633678282,0.848461721168,-0.781492806501,-0.292101926689,0.0528898350578,0.111598555935
456,16.0684136073,-0.104574093162,0.646611497169,0.0142140189078,-0.787622061056,-0.369797904172
457,17.8694765198,-0.499981074268,0.00173803780614,0.782226838844,0.117568756962,-0.491246731293
458,17.1666614485,0.489680944709,0.724907719402,0.0899172098784,0.667367751433,0.352598111493
459,12.4683829447,-0.312218604508,-0.602692822532,-0.307657752229,0.725512338415,-0.317600643959
460,11.1669047027,0.103237121644,-0.0544529969828,1.08897290686,0.188572648189,0.215412104472
461,7.97120721463,-0.938541998357,0.128047630537,-0.259048353068,-0.0847868412423,0.3458752147
462,12.3633819106,0.841863000656,-0.779544963138,-0.292352528396,0.0535459590315,0.111375680475
463,13.4648630706,0.360127554111,-0.811130862651,0.23241609076,-0.593451998438,0.375353111689
464,13.5672367861,-0.164729133124,-0.698146551264,0.5248446005,0.146932371806,0.653914014539
465,12.8643225249,0.998234910679,0.616735726912,-0.203130433492,-0.0713956066406,0.0734865751538
466,12.9648672125,0.358186753961,-0.810557967545,0.232342384376,-0.593259020799,0.375287560083
467,21.5629537351,1.15485581892,-0.149142575332,0.273485766089,0.0907091541828,-0.325605432335
468,19.6698135735,-0.770276289216,-0.641268042347,0.21801008482,0.076160053745,-0.0528234831534
469,18.4711202347,-0.897785195195,0.116016833296,-0.257500518992,-0.0888393716685,0.347251798424
470,17.0672077928,-0.15114353207,-0.702156817011,0.525360545192,0.14558152833,0.65437287578
471,16.3657233194,0.332144554596,-0.671029233584,0.000650891143239,0.792425103688,0.390447885851
472,16.7707823526,-0.627101820217,0.758908334428,0.306730976309,-0.0474692639796,-0.0911583393947
473,14.0708047189,-0.63758214103,0.762001968004,0.306332961832,-0.0464271847271,-0.0915123180665
474,10.3696970614,-0.443220950759,0.155623264303,-0.783301027533,0.560860272752,0.0823566447274
475,13.5645102776,0.637797809632,-0.170301783903,0.796912929046,-0.552776610251,-0.0628210403483
476,15.4672802701,0.101820058042,0.0366808438064,-1.07496299087,-0.181531064941,-0.195522521421
477,17.1659694669,0.231269764172,-0.721176926944,-0.599378680676,-0.0167246171667,-0.595532251393
478,19.5672463065,0.117734619277,0.0319831039314,-1.07435859852,-0.183113481583,-0.194984998253
479,22.5644357234,0.672732212342,-0.180613895824,0.798239643969,-0.556250207759,-0.0616411114423
480,23.1642372017,1.03821539378,0.604934087714,-0.201612081969,-0.075370946011,0.0748369382352
481,20.8696100815,-0.402464147596,0.143592467062,-0.781753193456,0.556807742326,0.0837332284512
482,18.4671961955,-0.145709291648,-0.70376092331,0.525566923069,0.14504119094,0.654556420277
483,18.6698218573,-0.774157889517,-0.640122252134,0.217862672051,0.0765460090237,-0.0529545863652
484,19.1687398921,-0.369823227719,0.00211588973831,-0.549811098516,-0.829532506135,0.0687957781438
485,18.8711169212,-0.896232555075,0.115558517211,-0.257441553884,-0.0889937537799,0.347304239709
486,17.6707748972,-0.623608379946,0.757877123236,0.306863647801,-0.0478166237304,-0.0910403465041
487,15.1698508506,-0.787743490571,-0.636111986387,0.217346727359,0.0778968524991,-0.0534134476064
488,14.3666846431,0.478812463866,0.728115932,0.0895044541246,0.668448426213,0.3522310225
489,17.8629843852,1.1404938978,-0.144903151542,0.272940338843,0.0921371887139,-0.326090514219
490,20.0657531536,0.540177225972,0.578160507097,0.322537403557,-0.72074789131,0.33826373596
491,22.2629479364,1.15757293913,-0.149944628481,0.273588955027,0.0904389854877,-0.325513660087
492,22.8659222492,0.253394885889,-0.72770793116,-0.598538427892,-0.0189245622552,-0.594784963085
493,24.2657183616,0.556479947237,0.5733481882,0.323156537187,-0.722368903481,0.338814369449
494,22.1671655454,-0.131347370534,-0.7080003471,0.526112350315,0.143613156409,0.65504150216
495,22.8656694746,0.357374956553,-0.678476869971,0.00160907414302,0.789916394377,0.391300056727
496,23.6692349223,-0.114313571263,0.781327912234,-0.216858340694,0.596441051261,-0.354086944915
497,24.2710721887,-0.875271913448,0.109371250058,-0.256645524931,-0.0910779122848,0.348012197052
498,23.6710771589,-0.877600873629,0.110058724186,-0.256733972592,-0.0908463391176,0.347933535125
499,23.2707285079,-0.601871418259,0.751460698041,0.307689159309,-0.049977973291,-0.0903061685181
500,20.0698102599,-0.768723649096,-0.641726358433,0.218069049928,0.0760056716335,-0.0527710418687
501,23.4666092605,0.514135026607,0.717689241058,0.0908459103243,0.664936233177,0.353424061727
502,26.2629148012,1.17309934033,-0.154527789335,0.274178606104,0.0888951643729,-0.32498924724
503,26.568678592,-0.341099385491,-0.00636295784098,-0.548720244024,-0.832388575197,0.069765941911
504,26.1658949127,0.266204166883,-0.731489038864,-0.598051965754,-0.0201982146749,-0.594352322487
505,25.3695728044,-0.384996946241,0.138436411102,-0.781089835995,0.555070943572,0.0843231929042
